[
{
  "model": "admin.logentry",
  "pk": 1,
  "fields": {
    "action_time": "2023-11-06T03:29:57.440Z",
    "user": 2,
    "content_type": 7,
    "object_id": "1",
    "object_repr": "Я джанго разработчик",
    "action_flag": 1,
    "change_message": "[{\"added\": {}}]"
  }
},
{
  "model": "admin.logentry",
  "pk": 2,
  "fields": {
    "action_time": "2023-11-06T03:30:02.742Z",
    "user": 2,
    "content_type": 7,
    "object_id": "1",
    "object_repr": "Я джанго разработчик",
    "action_flag": 2,
    "change_message": "[]"
  }
},
{
  "model": "admin.logentry",
  "pk": 3,
  "fields": {
    "action_time": "2023-11-06T03:40:19.730Z",
    "user": 2,
    "content_type": 7,
    "object_id": "2",
    "object_repr": "new post",
    "action_flag": 1,
    "change_message": "[{\"added\": {}}]"
  }
},
{
  "model": "admin.logentry",
  "pk": 4,
  "fields": {
    "action_time": "2023-11-06T05:24:22.236Z",
    "user": 2,
    "content_type": 7,
    "object_id": "4",
    "object_repr": "new post",
    "action_flag": 1,
    "change_message": "[{\"added\": {}}]"
  }
},
{
  "model": "admin.logentry",
  "pk": 5,
  "fields": {
    "action_time": "2023-11-06T05:24:38.241Z",
    "user": 2,
    "content_type": 7,
    "object_id": "5",
    "object_repr": "this is new post 2",
    "action_flag": 1,
    "change_message": "[{\"added\": {}}]"
  }
},
{
  "model": "admin.logentry",
  "pk": 6,
  "fields": {
    "action_time": "2023-11-06T05:25:16.481Z",
    "user": 2,
    "content_type": 7,
    "object_id": "6",
    "object_repr": "blog",
    "action_flag": 1,
    "change_message": "[{\"added\": {}}]"
  }
},
{
  "model": "admin.logentry",
  "pk": 7,
  "fields": {
    "action_time": "2023-11-06T05:27:09.513Z",
    "user": 2,
    "content_type": 7,
    "object_id": "7",
    "object_repr": "1",
    "action_flag": 1,
    "change_message": "[{\"added\": {}}]"
  }
},
{
  "model": "admin.logentry",
  "pk": 8,
  "fields": {
    "action_time": "2023-11-06T05:30:27.825Z",
    "user": 2,
    "content_type": 7,
    "object_id": "8",
    "object_repr": "123",
    "action_flag": 1,
    "change_message": "[{\"added\": {}}]"
  }
},
{
  "model": "admin.logentry",
  "pk": 9,
  "fields": {
    "action_time": "2023-11-06T05:32:04.294Z",
    "user": 2,
    "content_type": 7,
    "object_id": "9",
    "object_repr": "123",
    "action_flag": 1,
    "change_message": "[{\"added\": {}}]"
  }
},
{
  "model": "admin.logentry",
  "pk": 10,
  "fields": {
    "action_time": "2023-11-06T05:32:13.057Z",
    "user": 2,
    "content_type": 7,
    "object_id": "10",
    "object_repr": "1",
    "action_flag": 1,
    "change_message": "[{\"added\": {}}]"
  }
},
{
  "model": "admin.logentry",
  "pk": 11,
  "fields": {
    "action_time": "2023-11-06T05:35:57.514Z",
    "user": 2,
    "content_type": 7,
    "object_id": "11",
    "object_repr": "123",
    "action_flag": 1,
    "change_message": "[{\"added\": {}}]"
  }
},
{
  "model": "admin.logentry",
  "pk": 12,
  "fields": {
    "action_time": "2023-11-06T05:40:12.070Z",
    "user": 2,
    "content_type": 7,
    "object_id": "12",
    "object_repr": "123123",
    "action_flag": 1,
    "change_message": "[{\"added\": {}}]"
  }
},
{
  "model": "admin.logentry",
  "pk": 13,
  "fields": {
    "action_time": "2023-11-06T05:48:39.246Z",
    "user": 2,
    "content_type": 7,
    "object_id": "13",
    "object_repr": "54535",
    "action_flag": 1,
    "change_message": "[{\"added\": {}}]"
  }
},
{
  "model": "admin.logentry",
  "pk": 14,
  "fields": {
    "action_time": "2023-11-06T05:49:45.260Z",
    "user": 2,
    "content_type": 7,
    "object_id": "14",
    "object_repr": "3123",
    "action_flag": 1,
    "change_message": "[{\"added\": {}}]"
  }
},
{
  "model": "admin.logentry",
  "pk": 15,
  "fields": {
    "action_time": "2023-11-06T05:52:58.977Z",
    "user": 2,
    "content_type": 7,
    "object_id": "15",
    "object_repr": "4324",
    "action_flag": 1,
    "change_message": "[{\"added\": {}}]"
  }
},
{
  "model": "admin.logentry",
  "pk": 16,
  "fields": {
    "action_time": "2023-11-06T05:53:33.616Z",
    "user": 2,
    "content_type": 7,
    "object_id": "16",
    "object_repr": "3213",
    "action_flag": 1,
    "change_message": "[{\"added\": {}}]"
  }
},
{
  "model": "admin.logentry",
  "pk": 17,
  "fields": {
    "action_time": "2023-11-06T05:54:15.920Z",
    "user": 2,
    "content_type": 4,
    "object_id": "3",
    "object_repr": "123",
    "action_flag": 1,
    "change_message": "[{\"added\": {}}]"
  }
},
{
  "model": "admin.logentry",
  "pk": 18,
  "fields": {
    "action_time": "2023-11-06T05:57:26.836Z",
    "user": 2,
    "content_type": 7,
    "object_id": "17",
    "object_repr": "12312",
    "action_flag": 1,
    "change_message": "[{\"added\": {}}]"
  }
},
{
  "model": "admin.logentry",
  "pk": 19,
  "fields": {
    "action_time": "2023-11-06T06:02:29.731Z",
    "user": 2,
    "content_type": 7,
    "object_id": "18",
    "object_repr": "asdf",
    "action_flag": 1,
    "change_message": "[{\"added\": {}}]"
  }
},
{
  "model": "admin.logentry",
  "pk": 20,
  "fields": {
    "action_time": "2023-11-06T06:02:53.432Z",
    "user": 2,
    "content_type": 7,
    "object_id": "19",
    "object_repr": "123123",
    "action_flag": 1,
    "change_message": "[{\"added\": {}}]"
  }
},
{
  "model": "admin.logentry",
  "pk": 21,
  "fields": {
    "action_time": "2023-11-06T06:03:02.290Z",
    "user": 2,
    "content_type": 7,
    "object_id": "20",
    "object_repr": "afsdf",
    "action_flag": 1,
    "change_message": "[{\"added\": {}}]"
  }
},
{
  "model": "admin.logentry",
  "pk": 22,
  "fields": {
    "action_time": "2023-11-06T06:03:25.833Z",
    "user": 2,
    "content_type": 7,
    "object_id": "21",
    "object_repr": "afdsf",
    "action_flag": 1,
    "change_message": "[{\"added\": {}}]"
  }
},
{
  "model": "admin.logentry",
  "pk": 23,
  "fields": {
    "action_time": "2023-11-06T06:05:01.404Z",
    "user": 2,
    "content_type": 7,
    "object_id": "4",
    "object_repr": "new post",
    "action_flag": 2,
    "change_message": "[{\"changed\": {\"fields\": [\"Status\"]}}]"
  }
},
{
  "model": "admin.logentry",
  "pk": 24,
  "fields": {
    "action_time": "2023-11-06T06:06:49.015Z",
    "user": 2,
    "content_type": 7,
    "object_id": "22",
    "object_repr": "fasdfasd",
    "action_flag": 1,
    "change_message": "[{\"added\": {}}]"
  }
},
{
  "model": "admin.logentry",
  "pk": 25,
  "fields": {
    "action_time": "2023-11-06T06:06:56.701Z",
    "user": 2,
    "content_type": 7,
    "object_id": "23",
    "object_repr": "asdf",
    "action_flag": 1,
    "change_message": "[{\"added\": {}}]"
  }
},
{
  "model": "admin.logentry",
  "pk": 26,
  "fields": {
    "action_time": "2023-11-06T06:08:21.417Z",
    "user": 2,
    "content_type": 7,
    "object_id": "24",
    "object_repr": "asdf",
    "action_flag": 1,
    "change_message": "[{\"added\": {}}]"
  }
},
{
  "model": "admin.logentry",
  "pk": 27,
  "fields": {
    "action_time": "2023-11-06T06:16:19.657Z",
    "user": 2,
    "content_type": 7,
    "object_id": "25",
    "object_repr": "fafasdf",
    "action_flag": 1,
    "change_message": "[{\"added\": {}}]"
  }
},
{
  "model": "admin.logentry",
  "pk": 28,
  "fields": {
    "action_time": "2023-11-06T06:16:31.630Z",
    "user": 2,
    "content_type": 7,
    "object_id": "26",
    "object_repr": "asdfa",
    "action_flag": 1,
    "change_message": "[{\"added\": {}}]"
  }
},
{
  "model": "admin.logentry",
  "pk": 29,
  "fields": {
    "action_time": "2023-11-07T01:39:56.001Z",
    "user": 2,
    "content_type": 8,
    "object_id": "1",
    "object_repr": "Comment by я первый on 1",
    "action_flag": 1,
    "change_message": "[{\"added\": {}}]"
  }
},
{
  "model": "admin.logentry",
  "pk": 30,
  "fields": {
    "action_time": "2023-11-07T06:12:21.599Z",
    "user": 2,
    "content_type": 7,
    "object_id": "15",
    "object_repr": "4324",
    "action_flag": 2,
    "change_message": "[{\"changed\": {\"fields\": [\"Tags\"]}}]"
  }
},
{
  "model": "admin.logentry",
  "pk": 31,
  "fields": {
    "action_time": "2023-11-07T06:12:26.873Z",
    "user": 2,
    "content_type": 7,
    "object_id": "17",
    "object_repr": "12312",
    "action_flag": 2,
    "change_message": "[{\"changed\": {\"fields\": [\"Tags\"]}}]"
  }
},
{
  "model": "admin.logentry",
  "pk": 32,
  "fields": {
    "action_time": "2023-11-07T06:13:08.801Z",
    "user": 2,
    "content_type": 7,
    "object_id": "23",
    "object_repr": "asdf",
    "action_flag": 2,
    "change_message": "[{\"changed\": {\"fields\": [\"Slug\", \"Tags\"]}}]"
  }
},
{
  "model": "auth.permission",
  "pk": 1,
  "fields": {
    "name": "Can add log entry",
    "content_type": 1,
    "codename": "add_logentry"
  }
},
{
  "model": "auth.permission",
  "pk": 2,
  "fields": {
    "name": "Can change log entry",
    "content_type": 1,
    "codename": "change_logentry"
  }
},
{
  "model": "auth.permission",
  "pk": 3,
  "fields": {
    "name": "Can delete log entry",
    "content_type": 1,
    "codename": "delete_logentry"
  }
},
{
  "model": "auth.permission",
  "pk": 4,
  "fields": {
    "name": "Can view log entry",
    "content_type": 1,
    "codename": "view_logentry"
  }
},
{
  "model": "auth.permission",
  "pk": 5,
  "fields": {
    "name": "Can add permission",
    "content_type": 2,
    "codename": "add_permission"
  }
},
{
  "model": "auth.permission",
  "pk": 6,
  "fields": {
    "name": "Can change permission",
    "content_type": 2,
    "codename": "change_permission"
  }
},
{
  "model": "auth.permission",
  "pk": 7,
  "fields": {
    "name": "Can delete permission",
    "content_type": 2,
    "codename": "delete_permission"
  }
},
{
  "model": "auth.permission",
  "pk": 8,
  "fields": {
    "name": "Can view permission",
    "content_type": 2,
    "codename": "view_permission"
  }
},
{
  "model": "auth.permission",
  "pk": 9,
  "fields": {
    "name": "Can add group",
    "content_type": 3,
    "codename": "add_group"
  }
},
{
  "model": "auth.permission",
  "pk": 10,
  "fields": {
    "name": "Can change group",
    "content_type": 3,
    "codename": "change_group"
  }
},
{
  "model": "auth.permission",
  "pk": 11,
  "fields": {
    "name": "Can delete group",
    "content_type": 3,
    "codename": "delete_group"
  }
},
{
  "model": "auth.permission",
  "pk": 12,
  "fields": {
    "name": "Can view group",
    "content_type": 3,
    "codename": "view_group"
  }
},
{
  "model": "auth.permission",
  "pk": 13,
  "fields": {
    "name": "Can add user",
    "content_type": 4,
    "codename": "add_user"
  }
},
{
  "model": "auth.permission",
  "pk": 14,
  "fields": {
    "name": "Can change user",
    "content_type": 4,
    "codename": "change_user"
  }
},
{
  "model": "auth.permission",
  "pk": 15,
  "fields": {
    "name": "Can delete user",
    "content_type": 4,
    "codename": "delete_user"
  }
},
{
  "model": "auth.permission",
  "pk": 16,
  "fields": {
    "name": "Can view user",
    "content_type": 4,
    "codename": "view_user"
  }
},
{
  "model": "auth.permission",
  "pk": 17,
  "fields": {
    "name": "Can add content type",
    "content_type": 5,
    "codename": "add_contenttype"
  }
},
{
  "model": "auth.permission",
  "pk": 18,
  "fields": {
    "name": "Can change content type",
    "content_type": 5,
    "codename": "change_contenttype"
  }
},
{
  "model": "auth.permission",
  "pk": 19,
  "fields": {
    "name": "Can delete content type",
    "content_type": 5,
    "codename": "delete_contenttype"
  }
},
{
  "model": "auth.permission",
  "pk": 20,
  "fields": {
    "name": "Can view content type",
    "content_type": 5,
    "codename": "view_contenttype"
  }
},
{
  "model": "auth.permission",
  "pk": 21,
  "fields": {
    "name": "Can add session",
    "content_type": 6,
    "codename": "add_session"
  }
},
{
  "model": "auth.permission",
  "pk": 22,
  "fields": {
    "name": "Can change session",
    "content_type": 6,
    "codename": "change_session"
  }
},
{
  "model": "auth.permission",
  "pk": 23,
  "fields": {
    "name": "Can delete session",
    "content_type": 6,
    "codename": "delete_session"
  }
},
{
  "model": "auth.permission",
  "pk": 24,
  "fields": {
    "name": "Can view session",
    "content_type": 6,
    "codename": "view_session"
  }
},
{
  "model": "auth.permission",
  "pk": 25,
  "fields": {
    "name": "Can add post",
    "content_type": 7,
    "codename": "add_post"
  }
},
{
  "model": "auth.permission",
  "pk": 26,
  "fields": {
    "name": "Can change post",
    "content_type": 7,
    "codename": "change_post"
  }
},
{
  "model": "auth.permission",
  "pk": 27,
  "fields": {
    "name": "Can delete post",
    "content_type": 7,
    "codename": "delete_post"
  }
},
{
  "model": "auth.permission",
  "pk": 28,
  "fields": {
    "name": "Can view post",
    "content_type": 7,
    "codename": "view_post"
  }
},
{
  "model": "auth.permission",
  "pk": 29,
  "fields": {
    "name": "Can add commet",
    "content_type": 8,
    "codename": "add_commet"
  }
},
{
  "model": "auth.permission",
  "pk": 30,
  "fields": {
    "name": "Can change commet",
    "content_type": 8,
    "codename": "change_commet"
  }
},
{
  "model": "auth.permission",
  "pk": 31,
  "fields": {
    "name": "Can delete commet",
    "content_type": 8,
    "codename": "delete_commet"
  }
},
{
  "model": "auth.permission",
  "pk": 32,
  "fields": {
    "name": "Can view commet",
    "content_type": 8,
    "codename": "view_commet"
  }
},
{
  "model": "auth.permission",
  "pk": 33,
  "fields": {
    "name": "Can add comment",
    "content_type": 8,
    "codename": "add_comment"
  }
},
{
  "model": "auth.permission",
  "pk": 34,
  "fields": {
    "name": "Can change comment",
    "content_type": 8,
    "codename": "change_comment"
  }
},
{
  "model": "auth.permission",
  "pk": 35,
  "fields": {
    "name": "Can delete comment",
    "content_type": 8,
    "codename": "delete_comment"
  }
},
{
  "model": "auth.permission",
  "pk": 36,
  "fields": {
    "name": "Can view comment",
    "content_type": 8,
    "codename": "view_comment"
  }
},
{
  "model": "auth.permission",
  "pk": 37,
  "fields": {
    "name": "Can add tag",
    "content_type": 9,
    "codename": "add_tag"
  }
},
{
  "model": "auth.permission",
  "pk": 38,
  "fields": {
    "name": "Can change tag",
    "content_type": 9,
    "codename": "change_tag"
  }
},
{
  "model": "auth.permission",
  "pk": 39,
  "fields": {
    "name": "Can delete tag",
    "content_type": 9,
    "codename": "delete_tag"
  }
},
{
  "model": "auth.permission",
  "pk": 40,
  "fields": {
    "name": "Can view tag",
    "content_type": 9,
    "codename": "view_tag"
  }
},
{
  "model": "auth.permission",
  "pk": 41,
  "fields": {
    "name": "Can add tagged item",
    "content_type": 10,
    "codename": "add_taggeditem"
  }
},
{
  "model": "auth.permission",
  "pk": 42,
  "fields": {
    "name": "Can change tagged item",
    "content_type": 10,
    "codename": "change_taggeditem"
  }
},
{
  "model": "auth.permission",
  "pk": 43,
  "fields": {
    "name": "Can delete tagged item",
    "content_type": 10,
    "codename": "delete_taggeditem"
  }
},
{
  "model": "auth.permission",
  "pk": 44,
  "fields": {
    "name": "Can view tagged item",
    "content_type": 10,
    "codename": "view_taggeditem"
  }
},
{
  "model": "auth.permission",
  "pk": 45,
  "fields": {
    "name": "Can add site",
    "content_type": 11,
    "codename": "add_site"
  }
},
{
  "model": "auth.permission",
  "pk": 46,
  "fields": {
    "name": "Can change site",
    "content_type": 11,
    "codename": "change_site"
  }
},
{
  "model": "auth.permission",
  "pk": 47,
  "fields": {
    "name": "Can delete site",
    "content_type": 11,
    "codename": "delete_site"
  }
},
{
  "model": "auth.permission",
  "pk": 48,
  "fields": {
    "name": "Can view site",
    "content_type": 11,
    "codename": "view_site"
  }
},
{
  "model": "auth.user",
  "pk": 1,
  "fields": {
    "password": "pbkdf2_sha256$600000$bnIUFnYInxGaJIdtthxfEq$ZRBXx9omcgo3lRuam61Z7anROLYIWC3b/jlcikMACi8=",
    "last_login": null,
    "is_superuser": true,
    "username": "wanabeunique",
    "first_name": "",
    "last_name": "",
    "email": "cool.olo124@list.ru",
    "is_staff": true,
    "is_active": true,
    "date_joined": "2023-11-06T03:24:08.454Z",
    "groups": [],
    "user_permissions": []
  }
},
{
  "model": "auth.user",
  "pk": 2,
  "fields": {
    "password": "pbkdf2_sha256$600000$vDvzu31W0EgWvzPBp47ilN$uiHLqbgcsl0iunCbA2sQjAqSIDY+n4Afb2WJfVh6+Aw=",
    "last_login": "2023-11-07T01:38:59.304Z",
    "is_superuser": true,
    "username": "root",
    "first_name": "",
    "last_name": "",
    "email": "cool@mail.ru",
    "is_staff": true,
    "is_active": true,
    "date_joined": "2023-11-06T03:26:01.556Z",
    "groups": [],
    "user_permissions": []
  }
},
{
  "model": "auth.user",
  "pk": 3,
  "fields": {
    "password": "pbkdf2_sha256$600000$B1W2FZNDh5hIy8FbRl0anB$NQENEwjvJ5c+EBz1zOLWmBrk+LPtZmMXBJWRRql1/Fo=",
    "last_login": null,
    "is_superuser": false,
    "username": "123",
    "first_name": "",
    "last_name": "",
    "email": "",
    "is_staff": false,
    "is_active": true,
    "date_joined": "2023-11-06T05:54:15.705Z",
    "groups": [],
    "user_permissions": []
  }
},
{
  "model": "contenttypes.contenttype",
  "pk": 1,
  "fields": {
    "app_label": "admin",
    "model": "logentry"
  }
},
{
  "model": "contenttypes.contenttype",
  "pk": 2,
  "fields": {
    "app_label": "auth",
    "model": "permission"
  }
},
{
  "model": "contenttypes.contenttype",
  "pk": 3,
  "fields": {
    "app_label": "auth",
    "model": "group"
  }
},
{
  "model": "contenttypes.contenttype",
  "pk": 4,
  "fields": {
    "app_label": "auth",
    "model": "user"
  }
},
{
  "model": "contenttypes.contenttype",
  "pk": 5,
  "fields": {
    "app_label": "contenttypes",
    "model": "contenttype"
  }
},
{
  "model": "contenttypes.contenttype",
  "pk": 6,
  "fields": {
    "app_label": "sessions",
    "model": "session"
  }
},
{
  "model": "contenttypes.contenttype",
  "pk": 7,
  "fields": {
    "app_label": "blog",
    "model": "post"
  }
},
{
  "model": "contenttypes.contenttype",
  "pk": 8,
  "fields": {
    "app_label": "blog",
    "model": "comment"
  }
},
{
  "model": "contenttypes.contenttype",
  "pk": 9,
  "fields": {
    "app_label": "taggit",
    "model": "tag"
  }
},
{
  "model": "contenttypes.contenttype",
  "pk": 10,
  "fields": {
    "app_label": "taggit",
    "model": "taggeditem"
  }
},
{
  "model": "contenttypes.contenttype",
  "pk": 11,
  "fields": {
    "app_label": "sites",
    "model": "site"
  }
},
{
  "model": "sessions.session",
  "pk": "ha6369im5lcia5kruesgnmbletukfh0m",
  "fields": {
    "session_data": ".eJxVjDsOwjAQBe_iGln-JRtT0ucM1nq9xgHkSHFSIe5OIqWA9s3Me4uA21rC1ngJUxJXYcTld4tIT64HSA-s91nSXNdlivJQ5EmbHOfEr9vp_h0UbGWvPWAcGHyyTD5nm1V2fU59dI6Q0FjSFhg6SGg0gWEzqA6tUztmq0F8vgotOGA:1r0B3T:4SD4vYcEHCxBjgups1muFUrwKF9chlTA88vjKYImUS8",
    "expire_date": "2023-11-21T01:38:59.341Z"
  }
},
{
  "model": "sessions.session",
  "pk": "p4k3w6a8xh67o3ihdbo5ebf228u68df3",
  "fields": {
    "session_data": ".eJxVjDsOwjAQBe_iGln-JRtT0ucM1nq9xgHkSHFSIe5OIqWA9s3Me4uA21rC1ngJUxJXYcTld4tIT64HSA-s91nSXNdlivJQ5EmbHOfEr9vp_h0UbGWvPWAcGHyyTD5nm1V2fU59dI6Q0FjSFhg6SGg0gWEzqA6tUztmq0F8vgotOGA:1qzqFi:UltqWapYxTu4m2x-B9kUxhQ4jBDfyeMykHsXNBHAkeo",
    "expire_date": "2023-11-20T03:26:14.933Z"
  }
},
{
  "model": "sites.site",
  "pk": 1,
  "fields": {
    "domain": "example.com",
    "name": "example.com"
  }
},
{
  "model": "blog.post",
  "pk": 1,
  "fields": {
    "title": "Я джанго разработчик",
    "slug": "41",
    "author": 2,
    "body": "я костя",
    "publish": "2023-11-06T03:28:58Z",
    "created": "2023-11-06T03:29:57.439Z",
    "updated": "2023-11-06T03:30:02.741Z",
    "status": "PB"
  }
},
{
  "model": "blog.post",
  "pk": 2,
  "fields": {
    "title": "new post",
    "slug": "new-post",
    "author": 2,
    "body": "new posssssssst",
    "publish": "2023-11-06T03:39:11Z",
    "created": "2023-11-06T03:40:19.728Z",
    "updated": "2023-11-06T03:40:19.728Z",
    "status": "DF"
  }
},
{
  "model": "blog.post",
  "pk": 3,
  "fields": {
    "title": "new title",
    "slug": "another-post",
    "author": 2,
    "body": "Post body.",
    "publish": "2023-11-06T03:49:19.920Z",
    "created": "2023-11-06T03:49:28.912Z",
    "updated": "2023-11-06T03:51:24.136Z",
    "status": "DF"
  }
},
{
  "model": "blog.post",
  "pk": 4,
  "fields": {
    "title": "new post",
    "slug": "new-post",
    "author": 2,
    "body": "this is new post",
    "publish": "2023-11-06T05:24:01Z",
    "created": "2023-11-06T05:24:22.234Z",
    "updated": "2023-11-06T06:05:01.402Z",
    "status": "DF"
  }
},
{
  "model": "blog.post",
  "pk": 5,
  "fields": {
    "title": "this is new post 2",
    "slug": "this-is-new-post-2",
    "author": 1,
    "body": "asdf",
    "publish": "2023-11-06T05:24:24Z",
    "created": "2023-11-06T05:24:38.239Z",
    "updated": "2023-11-06T05:24:38.239Z",
    "status": "PB"
  }
},
{
  "model": "blog.post",
  "pk": 6,
  "fields": {
    "title": "blog",
    "slug": "blog",
    "author": 1,
    "body": "`3123123",
    "publish": "2023-11-06T05:25:05Z",
    "created": "2023-11-06T05:25:16.480Z",
    "updated": "2023-11-06T05:25:16.480Z",
    "status": "PB"
  }
},
{
  "model": "blog.post",
  "pk": 7,
  "fields": {
    "title": "1",
    "slug": "13123",
    "author": 1,
    "body": "12321",
    "publish": "2023-11-06T05:27:02Z",
    "created": "2023-11-06T05:27:09.511Z",
    "updated": "2023-11-06T05:27:09.511Z",
    "status": "DF"
  }
},
{
  "model": "blog.post",
  "pk": 8,
  "fields": {
    "title": "123",
    "slug": "12312312",
    "author": 1,
    "body": "3123123",
    "publish": "2023-11-06T05:30:22Z",
    "created": "2023-11-06T05:30:27.824Z",
    "updated": "2023-11-06T05:30:27.824Z",
    "status": "DF"
  }
},
{
  "model": "blog.post",
  "pk": 9,
  "fields": {
    "title": "123",
    "slug": "123",
    "author": 1,
    "body": "123",
    "publish": "2023-11-06T05:31:55Z",
    "created": "2023-11-06T05:32:04.293Z",
    "updated": "2023-11-06T05:32:04.293Z",
    "status": "PB"
  }
},
{
  "model": "blog.post",
  "pk": 10,
  "fields": {
    "title": "1",
    "slug": "123",
    "author": 2,
    "body": "123",
    "publish": "2023-11-06T05:32:06Z",
    "created": "2023-11-06T05:32:13.056Z",
    "updated": "2023-11-06T05:32:13.056Z",
    "status": "DF"
  }
},
{
  "model": "blog.post",
  "pk": 11,
  "fields": {
    "title": "123",
    "slug": "123",
    "author": 2,
    "body": "123123",
    "publish": "2023-11-06T05:35:49Z",
    "created": "2023-11-06T05:35:57.512Z",
    "updated": "2023-11-06T05:35:57.512Z",
    "status": "PB"
  }
},
{
  "model": "blog.post",
  "pk": 12,
  "fields": {
    "title": "123123",
    "slug": "123123",
    "author": 1,
    "body": "1231231",
    "publish": "2023-11-06T05:40:04Z",
    "created": "2023-11-06T05:40:12.068Z",
    "updated": "2023-11-06T05:40:12.068Z",
    "status": "DF"
  }
},
{
  "model": "blog.post",
  "pk": 13,
  "fields": {
    "title": "54535",
    "slug": "54535",
    "author": 2,
    "body": "534",
    "publish": "2023-11-06T05:48:32Z",
    "created": "2023-11-06T05:48:39.244Z",
    "updated": "2023-11-06T05:48:39.244Z",
    "status": "DF"
  }
},
{
  "model": "blog.post",
  "pk": 14,
  "fields": {
    "title": "3123",
    "slug": "312321321",
    "author": 2,
    "body": "321312",
    "publish": "2023-11-06T05:49:40Z",
    "created": "2023-11-06T05:49:45.258Z",
    "updated": "2023-11-06T05:49:45.258Z",
    "status": "DF"
  }
},
{
  "model": "blog.post",
  "pk": 15,
  "fields": {
    "title": "4324",
    "slug": "4324",
    "author": 2,
    "body": "41",
    "publish": "2023-11-06T05:52:52Z",
    "created": "2023-11-06T05:52:58.975Z",
    "updated": "2023-11-07T06:12:21.594Z",
    "status": "DF"
  }
},
{
  "model": "blog.post",
  "pk": 16,
  "fields": {
    "title": "3213",
    "slug": "3213213",
    "author": 2,
    "body": "1231231",
    "publish": "2023-11-06T05:53:29Z",
    "created": "2023-11-06T05:53:33.614Z",
    "updated": "2023-11-06T05:53:33.614Z",
    "status": "DF"
  }
},
{
  "model": "blog.post",
  "pk": 17,
  "fields": {
    "title": "12312",
    "slug": "12312",
    "author": 2,
    "body": "123",
    "publish": "2023-11-06T05:57:21Z",
    "created": "2023-11-06T05:57:26.835Z",
    "updated": "2023-11-07T06:12:26.868Z",
    "status": "DF"
  }
},
{
  "model": "blog.post",
  "pk": 18,
  "fields": {
    "title": "asdf",
    "slug": "asdf",
    "author": 1,
    "body": "asdf",
    "publish": "2023-11-06T06:02:26Z",
    "created": "2023-11-06T06:02:29.730Z",
    "updated": "2023-11-06T06:02:29.730Z",
    "status": "DF"
  }
},
{
  "model": "blog.post",
  "pk": 19,
  "fields": {
    "title": "123123",
    "slug": "123123",
    "author": 2,
    "body": "fsdafads",
    "publish": "2023-11-06T06:02:44Z",
    "created": "2023-11-06T06:02:53.431Z",
    "updated": "2023-11-06T06:02:53.431Z",
    "status": "PB"
  }
},
{
  "model": "blog.post",
  "pk": 20,
  "fields": {
    "title": "afsdf",
    "slug": "afsdfasdf",
    "author": 2,
    "body": "fasdfasd",
    "publish": "2023-11-06T06:02:57Z",
    "created": "2023-11-06T06:03:02.289Z",
    "updated": "2023-11-06T06:03:02.289Z",
    "status": "DF"
  }
},
{
  "model": "blog.post",
  "pk": 21,
  "fields": {
    "title": "afdsf",
    "slug": "afdsf",
    "author": 1,
    "body": "afsd",
    "publish": "2023-11-06T06:03:20Z",
    "created": "2023-11-06T06:03:25.831Z",
    "updated": "2023-11-06T06:03:25.831Z",
    "status": "DF"
  }
},
{
  "model": "blog.post",
  "pk": 22,
  "fields": {
    "title": "fasdfasd",
    "slug": "fasdfasd",
    "author": 2,
    "body": "123",
    "publish": "2023-11-06T06:06:45Z",
    "created": "2023-11-06T06:06:49.014Z",
    "updated": "2023-11-06T06:06:49.014Z",
    "status": "DF"
  }
},
{
  "model": "blog.post",
  "pk": 23,
  "fields": {
    "title": "asdf",
    "slug": "asdfdas",
    "author": 2,
    "body": "1fdas",
    "publish": "2023-11-06T06:06:51Z",
    "created": "2023-11-06T06:06:56.699Z",
    "updated": "2023-11-07T06:13:08.798Z",
    "status": "PB"
  }
},
{
  "model": "blog.post",
  "pk": 24,
  "fields": {
    "title": "asdf",
    "slug": "asdfasdf",
    "author": 1,
    "body": "asdfasdf",
    "publish": "2023-11-06T06:08:16Z",
    "created": "2023-11-06T06:08:21.416Z",
    "updated": "2023-11-06T06:08:21.416Z",
    "status": "DF"
  }
},
{
  "model": "blog.post",
  "pk": 25,
  "fields": {
    "title": "fafasdf",
    "slug": "fafasdf",
    "author": 2,
    "body": "sadfasdf",
    "publish": "2023-11-06T06:16:15Z",
    "created": "2023-11-06T06:16:19.655Z",
    "updated": "2023-11-06T06:16:19.655Z",
    "status": "DF"
  }
},
{
  "model": "blog.post",
  "pk": 26,
  "fields": {
    "title": "asdfa",
    "slug": "asdfasdfa",
    "author": 2,
    "body": "sdfasdfsdafasd",
    "publish": "2023-11-06T06:16:23Z",
    "created": "2023-11-06T06:16:31.629Z",
    "updated": "2023-11-06T06:16:31.629Z",
    "status": "PB"
  }
},
{
  "model": "blog.comment",
  "pk": 1,
  "fields": {
    "post": 7,
    "name": "я первый",
    "email": "cool.olo124@list.ru",
    "body": "АФЫВАФЫВАФЫ",
    "created": "2023-11-07T01:39:56.000Z",
    "updated": "2023-11-07",
    "active": true
  }
},
{
  "model": "blog.comment",
  "pk": 2,
  "fields": {
    "post": 26,
    "name": "fdsafdas",
    "email": "cool.olo124@list.ru",
    "body": "dASDASd",
    "created": "2023-11-07T02:15:34.316Z",
    "updated": "2023-11-07",
    "active": true
  }
},
{
  "model": "blog.comment",
  "pk": 3,
  "fields": {
    "post": 26,
    "name": "fdsafdas",
    "email": "cool.olo124@list.ru",
    "body": "dASDASd",
    "created": "2023-11-07T02:15:38.937Z",
    "updated": "2023-11-07",
    "active": true
  }
},
{
  "model": "blog.comment",
  "pk": 4,
  "fields": {
    "post": 26,
    "name": "fdsafdas",
    "email": "cool.olo124@list.ru",
    "body": "dASDASd",
    "created": "2023-11-07T02:17:06.025Z",
    "updated": "2023-11-07",
    "active": true
  }
},
{
  "model": "blog.comment",
  "pk": 5,
  "fields": {
    "post": 26,
    "name": "fdsafdas",
    "email": "cool.olo124@list.ru",
    "body": "яяаывфавы",
    "created": "2023-11-07T02:17:55.603Z",
    "updated": "2023-11-07",
    "active": true
  }
},
{
  "model": "blog.comment",
  "pk": 6,
  "fields": {
    "post": 26,
    "name": "dasdasdsaD",
    "email": "ASD@mail.ru",
    "body": "ASDAS",
    "created": "2023-11-07T02:22:00.211Z",
    "updated": "2023-11-07",
    "active": true
  }
},
{
  "model": "blog.comment",
  "pk": 7,
  "fields": {
    "post": 26,
    "name": "dasdasdsaD",
    "email": "ASD@mail.ru",
    "body": "ASDAS",
    "created": "2023-11-07T02:25:06.894Z",
    "updated": "2023-11-07",
    "active": true
  }
},
{
  "model": "blog.comment",
  "pk": 8,
  "fields": {
    "post": 26,
    "name": "Константин Сергеевич Саранцев",
    "email": "cool.olo124@list.ru",
    "body": "я первый",
    "created": "2023-11-07T02:25:21.377Z",
    "updated": "2023-11-07",
    "active": true
  }
},
{
  "model": "taggit.tag",
  "pk": 1,
  "fields": {
    "name": "news",
    "slug": "news"
  }
},
{
  "model": "taggit.taggeditem",
  "pk": 1,
  "fields": {
    "tag": 1,
    "content_type": 7,
    "object_id": 1
  }
},
{
  "model": "taggit.taggeditem",
  "pk": 2,
  "fields": {
    "tag": 1,
    "content_type": 7,
    "object_id": 15
  }
},
{
  "model": "taggit.taggeditem",
  "pk": 3,
  "fields": {
    "tag": 1,
    "content_type": 7,
    "object_id": 17
  }
},
{
  "model": "taggit.taggeditem",
  "pk": 4,
  "fields": {
    "tag": 1,
    "content_type": 7,
    "object_id": 23
  }
}
]
